#######################################################

<poster>Jen Exporter Main</poster>
<thumbnail>special://home/addons/plugin.video.jenexporter/icon.png</thumbnail>
<fanart>special://home/addons/plugin.video.jenexporter/fanart.jpg</fanart>

#######################################################

<dir>
    <title>Digitals Fav's</title>
    <trakt>https://api.trakt.tv/users/t4rgetdummy/lists/digitals-favs/items</trakt>
    <thumbnail>special://home/addons/plugin.video.digibox/resources/media/movie..png</thumbnail>
</dir>

<dir>
    <title>Mindfucks</title>
    <trakt>https://api.trakt.tv/users/benfranklin/lists/best-mindfucks/items</trakt>
    <thumbnail>special://home/addons/plugin.video.digibox/resources/media/movie..png</thumbnail>
</dir>

<dir>
    <title>100 Best Horror Movies Ever Made</title>
    <trakt>https://api.trakt.tv/users/t4rgetdummy/lists/bloody-disgusting-com-the-100-best-horror-movies-ever-made-ranked/items</trakt>
    <summary>bloody disgusting.com the 100-best horror movies ever made ranked</summary>
    <thumbnail>special://home/addons/plugin.video.digibox/resources/media/movie..png</thumbnail>
</dir>

<dir>
    <title>Futuristic Apocalypse</title>
    <imdburl>/list/ls021122966/</imdburl>
    <thumbnail>special://home/addons/plugin.video.digibox/resources/media/movie..png</thumbnail>
</dir>

<dir>
    <title>Hip-hop culture</title>
    <imdburl>/list/ls020559885/</imdburl>
    <thumbnail>special://home/addons/plugin.video.digibox/resources/media/movie..png</thumbnail>
</dir>

<dir>
    <title>[COLOR white]IMDB[/COLOR] [COLOR yellow]Top 250[/COLOR]</title>
    <link>file://imdb250.xml</link>
    <thumbnail>special://home/addons/plugin.video.digibox/resources/media/movie..png</thumbnail>
    <fanart/>
</dir>

<dir>
    <title>Tarantino Movies</title>
    <trakt>https://api.trakt.tv/users/mrblue74/lists/tarantino-movies/items</trakt>
    <thumbnail>special://home/addons/plugin.video.digibox/resources/media/movie..png</thumbnail>
</dir>

<dir>
    <title>Gangster Movies</title>
    <imdburl>list/ls058271916</imdburl>
    <thumbnail>special://home/addons/plugin.video.digibox/resources/media/movie..png</thumbnail>
</dir>

<dir>
    <title>Stand Up Comedy</title>
    <trakt>https://api.trakt.tv/users/giladg/lists/stand-up-comedy/items</trakt>
    <thumbnail>https://archive.org/download/trakt_201802/movie..png</thumbnail>
</dir>

<dir>
    <title>Kids list</title>
    <trakt>https://api.trakt.tv/users/alienstream/lists/kids/items</trakt>
    <thumbnail>special://home/addons/plugin.video.digibox/resources/media/movie..png</thumbnail>
</dir>

<dir>
    <title>Every Disney Movie</title>
    <imdburl>/list/ls068120998/</imdburl>
    <thumbnail>special://home/addons/plugin.video.digibox/resources/media/movie..png</thumbnail>
</dir>

<dir>
    <title>Anime/Animated</title>
    <imdburl>/list/ls062631100/</imdburl>
    <thumbnail>special://home/addons/plugin.video.digibox/resources/media/movie..png</thumbnail>
</dir>