<?xml version="1.0" encoding="UTF-8" standalone="yes"?>
<addon id="{addonid}" name="{name}" version="{version}" provider-name="{author}">
    <requires>
        <import addon="xbmc.addon" version="12.0.0"/>
    </requires>
    <extension point="xbmc.addon.repository" name="{name}">
        <info compressed="false">{url}{output_path}addons.xml</info>
        <checksum>{url}{output_path}addons.xml.md5</checksum>
        <datadir zip="true">{url}{output_path}</datadir>
        <hashes>false</hashes>
        <dir>
            <info compressed="false">https://raw.githubusercontent.com/jenaddon/repository.jenrepo/master/zips/addons.xml</info>
            <checksum>https://raw.githubusercontent.com/jenaddon/repository.jenrepo/master/zips/addons.xml.md5</checksum>
            <datadir zip="true">https://raw.githubusercontent.com/jenaddon/repository.jenrepo/master/zips/</datadir>
            <hashes>false</hashes>
        </dir>
    </extension>
    <extension point="xbmc.addon.metadata">
        <summary>{summary}</summary>
        <description>{description}</description>
        <platform>all</platform>
        <genre>movies,usa</genre>
    </extension>
</addon>